feature,importance
odor,0.2429919711569704
spore-print-color,0.13992911281060344
stalk-shape,0.08387179645028066
stalk-surface-above-ring,0.07880147583870305
gill-size,0.06149156580440747
ring-type,0.06090971205905804
stalk-surface-below-ring,0.060420981021431674
stalk-root,0.05150989275688573
bruises,0.04190636549273381
habitat,0.035087519066985796
stalk-color-above-ring,0.022920836341943605
population,0.021322328228678897
cap-color,0.019652531747569247
cap-surface,0.017425507057535372
gill-spacing,0.016263816798802285
stalk-color-below-ring,0.016066099134853688
ring-number,0.01237297951368855
gill-color,0.009616786792195794
cap-shape,0.006646629549938143
veil-color,0.0005714805712510082
gill-attachment,0.00022061180548346872
